step,loss,elapsed_seconds
1,2.5097,3.1
2,2.5213,6.2
3,2.1205,9.1
4,1.7603,12.0
5,1.7794,15.5
6,1.6863,18.4
7,2.0292,21.4
8,1.2115,24.5
9,1.312,27.4
10,1.2463,30.5
11,1.1266,33.3
12,0.9456,36.1
13,0.9379,39.0
14,0.6781,41.7
15,0.9147,44.4
16,0.6365,47.4
17,0.5389,50.1
18,0.4507,53.1
19,0.489,55.9
20,0.4293,58.7
21,0.4875,61.6
22,0.2006,64.4
23,0.2685,67.1
24,0.1821,70.0
25,0.3759,72.8
26,0.4086,75.7
27,0.4715,78.4
28,0.2649,81.2
29,0.2669,84.1
30,0.4647,86.8
31,0.366,89.7
32,0.1607,92.5
33,0.345,95.2
34,0.2715,98.1
35,0.1917,100.8
36,0.2542,103.5
37,0.3072,106.4
38,0.1811,109.1
39,0.1834,112.0
40,0.1352,114.7
41,0.1873,117.4
42,0.3352,120.2
43,0.2004,123.0
44,0.2413,125.6
45,0.1613,128.5
46,0.1676,131.4
47,0.1749,134.1
48,0.1685,137.0
49,0.1989,139.8
50,0.1155,142.7
51,0.1344,145.4
52,0.3085,148.1
53,0.1908,151.4
54,0.142,154.6
55,0.2303,157.9
56,0.1309,161.0
57,0.0966,164.0
58,0.0871,167.0
59,0.2004,169.8
60,0.1241,172.7
61,0.1892,175.7
62,0.2247,178.4
63,0.1007,181.3
64,0.1727,184.1
65,0.1255,186.9
66,0.1851,189.8
67,0.1042,192.5
68,0.168,195.4
69,0.1292,198.2
70,0.108,201.0
71,0.1016,203.9
72,0.098,206.7
73,0.1102,209.6
74,0.1215,212.5
75,0.0906,215.4
76,0.0964,218.3
77,0.265,221.1
78,0.2296,223.8
79,0.0829,226.7
80,0.1124,229.5
81,0.1212,232.2
82,0.1016,235.2
83,0.1852,237.9
84,0.1486,240.9
85,0.0825,243.7
86,0.1862,246.5
87,0.0857,249.6
88,0.0975,252.4
89,0.0906,255.1
90,0.114,258.1
91,0.1272,260.8
92,0.1318,263.7
93,0.0997,266.6
94,0.101,269.5
95,0.1045,272.6
96,0.0854,275.7
97,0.135,278.6
98,0.0618,281.7
99,0.1515,284.7
100,0.1146,287.8
101,0.0859,290.5
102,0.1525,293.2
103,0.125,296.3
104,0.0929,299.3
105,0.1077,302.5
106,0.0914,305.6
107,0.1125,308.6
108,0.0909,311.9
109,0.285,314.8
110,0.1242,317.7
111,0.1745,320.9
112,0.1176,323.8
113,0.0786,326.9
114,0.1931,329.7
115,0.1196,332.7
116,0.0925,335.8
117,0.1494,338.7
118,0.0802,341.6
119,0.2356,344.6
120,0.1193,347.5
121,0.0814,350.6
122,0.1401,353.5
123,0.1762,356.4
124,0.0981,359.5
125,0.0993,362.4
126,0.1632,365.3
127,0.188,368.4
128,0.126,371.1
129,0.0787,374.1
130,0.1254,376.8
131,0.1081,379.6
132,0.1053,382.5
133,0.0747,385.1
134,0.0722,387.8
135,0.0901,390.7
136,0.084,393.4
137,0.1259,396.2
138,0.1211,399.0
139,0.1223,401.8
140,0.0729,404.6
141,0.0551,407.4
142,0.0849,410.0
143,0.0897,413.0
144,0.0697,415.7
145,0.0368,418.7
146,0.1087,421.4
147,0.1037,424.2
148,0.0855,427.2
149,0.091,429.9
150,0.0836,432.7
151,0.0568,546.5
152,0.0817,549.2
153,0.1226,552.2
154,0.2748,554.9
155,0.1055,557.6
156,0.0866,560.5
157,0.0866,563.3
158,0.1566,566.4
159,0.1126,569.3
160,0.0609,572.3
161,0.0843,575.4
162,0.0799,578.2
163,0.0842,581.2
164,0.0695,584.3
165,0.0649,587.4
166,0.0667,590.7
167,0.0794,593.7
168,0.0781,596.7
169,0.196,600.0
170,0.065,603.0
171,0.1699,606.0
172,0.1265,609.1
173,0.0933,612.1
174,0.0839,615.1
175,0.0545,618.1
176,0.0674,621.2
177,0.0857,624.4
178,0.0855,627.4
179,0.2533,630.2
180,0.0907,633.3
181,0.1146,636.3
182,0.1532,639.4
183,0.0849,642.1
184,0.061,645.1
185,0.0508,648.2
186,0.0602,651.1
187,0.0587,654.2
188,0.0592,657.2
189,0.0557,660.0
190,0.084,663.2
191,0.1455,666.0
192,0.113,668.8
193,0.107,671.8
194,0.0947,674.5
195,0.1012,677.3
196,0.1425,680.0
197,0.14,682.8
198,0.0707,685.9
199,0.1284,688.9
200,0.1028,691.8
201,0.0777,694.9
202,0.0905,697.9
203,0.1071,700.8
204,0.102,703.6
205,0.1474,706.3
206,0.1058,709.4
207,0.0763,712.3
208,0.0482,715.3
209,0.0995,718.3
210,0.0999,721.3
211,0.1362,724.4
212,0.0627,727.3
213,0.1226,730.3
214,0.112,733.6
215,0.0439,736.8
216,0.0571,739.8
217,0.0954,743.2
218,0.1388,746.2
219,0.0881,749.4
220,0.0698,752.3
221,0.0792,755.3
222,0.09,758.5
223,0.0829,761.5
224,0.0791,764.6
225,0.0851,767.7
226,0.0728,770.6
227,0.2119,773.7
228,0.0563,776.8
229,0.1083,779.8
230,0.0992,782.9
231,0.0595,785.9
232,0.0539,789.1
233,0.0841,791.8
234,0.0852,794.6
235,0.1407,797.6
236,0.1727,800.4
237,0.0358,803.1
238,0.144,806.1
239,0.121,809.0
240,0.0594,811.9
241,0.0531,814.6
242,0.0544,817.4
243,0.0586,820.5
244,0.1017,823.3
245,0.0679,826.1
246,0.1233,829.0
247,0.0598,831.7
248,0.0524,834.6
249,0.1262,837.4
250,0.0779,840.1
251,0.0647,843.0
252,0.1378,845.8
253,0.072,848.5
254,0.1061,851.4
255,0.11,854.3
256,0.0885,857.3
257,0.0639,860.0
258,0.0943,862.8
259,0.1053,865.7
260,0.1562,868.5
261,0.1329,871.2
262,0.0935,874.1
263,0.0522,877.1
264,0.0459,880.4
265,0.2554,883.4
266,0.0833,886.5
267,0.0849,889.8
268,0.0351,892.8
269,0.0569,895.8
270,0.0861,898.9
271,0.1041,901.9
272,0.0702,904.8
273,0.0513,907.6
274,0.122,910.4
275,0.0753,913.4
276,0.0587,916.1
277,0.0943,918.8
278,0.0958,921.8
279,0.0941,924.6
280,0.1234,927.5
281,0.0631,930.2
282,0.0539,932.9
283,0.0868,935.8
284,0.0888,938.5
285,0.0771,941.3
286,0.0685,944.3
287,0.1079,947.1
288,0.088,950.0
289,0.0518,953.1
290,0.0271,956.1
291,0.0704,959.2
292,0.0632,962.2
293,0.0879,965.2
294,0.0739,968.3
295,0.1271,971.2
296,0.1075,974.4
297,0.0379,977.2
298,0.1007,980.2
299,0.1437,983.3
300,0.0612,986.3
301,0.1128,1112.6
302,0.0713,1115.5
303,0.1022,1118.2
304,0.0633,1121.1
305,0.0939,1123.8
306,0.0576,1126.5
307,0.0567,1129.3
308,0.1564,1132.0
309,0.1184,1134.7
310,0.0704,1137.6
311,0.0483,1140.3
312,0.0859,1143.1
313,0.079,1146.1
314,0.0694,1148.8
315,0.0783,1151.7
316,0.0895,1154.5
317,0.0425,1157.2
318,0.0881,1160.2
319,0.0891,1163.0
320,0.0472,1166.3
321,0.0989,1169.7
322,0.0768,1172.7
323,0.0366,1175.8
324,0.0549,1178.7
325,0.0688,1181.6
326,0.0583,1184.6
327,0.0925,1187.4
328,0.0641,1190.4
329,0.0929,1193.3
330,0.0689,1196.0
331,0.0766,1198.9
332,0.1219,1201.7
333,0.0512,1204.4
334,0.049,1207.4
335,0.0894,1210.2
336,0.0482,1213.1
337,0.0583,1215.9
338,0.0417,1218.6
339,0.0601,1221.6
340,0.0582,1224.5
341,0.0599,1227.4
342,0.0227,1230.3
343,0.1844,1233.1
344,0.158,1236.1
345,0.0676,1238.8
346,0.0468,1241.7
347,0.0625,1244.7
348,0.0496,1247.6
349,0.0625,1250.4
350,0.0763,1253.3
351,0.0648,1256.0
352,0.11,1259.0
353,0.0323,1261.8
354,0.0662,1264.7
355,0.0478,1267.7
356,0.0822,1270.4
357,0.0643,1273.2
358,0.0777,1276.2
359,0.0787,1279.0
360,0.0579,1281.9
361,0.04,1284.7
362,0.0484,1287.5
363,0.0731,1290.5
364,0.0494,1293.3
365,0.056,1296.0
366,0.092,1299.0
367,0.0477,1301.8
368,0.0564,1304.8
369,0.0657,1307.6
370,0.0353,1310.5
371,0.0557,1313.6
372,0.042,1316.6
373,0.0685,1319.7
374,0.0439,1323.0
375,0.1612,1326.0
376,0.0589,1329.0
377,0.1044,1332.1
378,0.0855,1335.0
379,0.04,1338.0
380,0.0701,1340.8
381,0.1228,1343.6
382,0.0372,1346.8
383,0.102,1349.6
384,0.0582,1352.7
385,0.1138,1355.6
386,0.0845,1358.4
387,0.103,1361.5
388,0.0585,1364.3
389,0.0895,1367.2
390,0.0808,1370.2
391,0.0763,1373.1
392,0.0808,1376.1
393,0.1327,1379.0
394,0.081,1381.9
395,0.0521,1385.1
396,0.0834,1388.0
397,0.0737,1391.1
398,0.0661,1394.1
399,0.0442,1397.1
400,0.0511,1400.3
401,0.0578,1403.2
402,0.0496,1406.2
403,0.0755,1409.4
404,0.0825,1412.3
405,0.04,1415.3
406,0.0513,1418.2
407,0.0465,1420.9
408,0.0451,1423.9
409,0.048,1426.7
410,0.053,1429.6
411,0.031,1432.7
412,0.0619,1435.5
413,0.0587,1438.5
414,0.049,1441.2
415,0.0236,1443.9
416,0.0871,1446.9
417,0.0281,1449.9
418,0.055,1452.9
419,0.0512,1456.3
420,0.1959,1459.5
421,0.0813,1462.6
422,0.0583,1465.7
423,0.0326,1468.8
424,0.0808,1472.3
425,0.058,1475.3
426,0.0475,1478.4
427,0.0532,1481.7
428,0.0646,1484.7
429,0.0564,1487.9
430,0.0288,1491.0
431,0.0615,1494.0
432,0.0474,1497.2
433,0.0449,1500.1
434,0.0421,1503.4
435,0.122,1506.4
436,0.0578,1509.4
437,0.0957,1512.5
438,0.0771,1515.5
439,0.068,1518.5
440,0.0469,1521.6
441,0.0364,1524.7
442,0.0671,1527.9
443,0.0373,1530.9
444,0.0651,1533.9
445,0.1253,1537.1
446,0.0668,1540.0
447,0.0795,1543.0
448,0.1476,1546.2
449,0.04,1549.2
450,0.053,1552.4
451,0.0292,1678.0
452,0.0445,1681.0
453,0.0377,1684.1
454,0.0413,1687.1
455,0.0376,1690.1
456,0.0432,1693.3
457,0.0582,1696.2
458,0.0791,1699.4
459,0.0625,1702.4
460,0.035,1705.4
461,0.0522,1708.4
462,0.1059,1711.2
463,0.1096,1714.2
464,0.0621,1717.0
465,0.0978,1719.9
466,0.0682,1723.0
467,0.0741,1725.8
468,0.0729,1728.6
469,0.1048,1731.6
470,0.0403,1734.4
471,0.1031,1737.3
472,0.0851,1740.3
473,0.0644,1743.2
474,0.0227,1746.4
475,0.0655,1749.6
476,0.0681,1752.5
477,0.0627,1755.7
478,0.0403,1758.8
479,0.081,1762.0
480,0.1076,1764.9
481,0.0383,1767.9
482,0.0588,1770.9
483,0.0788,1773.7
484,0.0877,1776.5
485,0.0796,1779.5
486,0.0488,1782.4
487,0.0501,1785.5
488,0.0571,1788.5
489,0.05,1791.6
490,0.0671,1794.8
491,0.073,1797.8
492,0.0296,1800.8
493,0.0546,1804.0
494,0.166,1806.9
495,0.0444,1810.1
496,0.0628,1813.1
497,0.0345,1816.1
498,0.0236,1819.2
499,0.0537,1822.3
500,0.0449,1825.3
501,0.1008,1828.5
502,0.1102,1831.5
503,0.0302,1834.7
504,0.0634,1837.7
505,0.0935,1840.7
506,0.0467,1843.9
507,0.0296,1846.8
508,0.0372,1849.8
509,0.0251,1853.1
510,0.0824,1856.2
511,0.0566,1859.3
512,0.0692,1862.1
513,0.063,1864.9
514,0.035,1868.0
515,0.0691,1870.8
516,0.078,1873.8
517,0.0503,1876.6
518,0.0569,1879.5
519,0.0324,1882.6
520,0.0597,1885.4
521,0.0992,1888.3
522,0.0774,1891.6
523,0.0557,1894.4
524,0.0344,1897.6
525,0.0664,1900.6
526,0.1305,1903.5
527,0.111,1906.7
528,0.0525,1909.6
529,0.0673,1912.5
530,0.0193,1915.6
531,0.2009,1918.4
532,0.0725,1921.3
533,0.0541,1924.2
534,0.0314,1927.0
535,0.0198,1929.9
536,0.0438,1932.7
537,0.0748,1935.5
538,0.0681,1938.5
539,0.0461,1941.3
540,0.0998,1944.3
541,0.0377,1947.0
542,0.0382,1949.8
543,0.0614,1952.7
544,0.0622,1955.7
545,0.0622,1958.5
546,0.0739,1961.5
547,0.0672,1964.2
548,0.0287,1967.2
549,0.081,1970.1
550,0.0499,1973.0
551,0.0436,1975.9
552,0.0413,1978.7
553,0.0987,1981.5
554,0.0657,1984.5
555,0.0375,1987.3
556,0.0255,1990.2
557,0.0467,1993.0
558,0.0397,1995.8
559,0.0635,1998.8
560,0.0481,2001.6
561,0.0893,2004.4
562,0.0371,2007.3
563,0.0712,2010.1
564,0.0464,2013.2
565,0.1175,2016.1
566,0.0359,2018.9
567,0.0761,2021.9
568,0.0405,2024.8
569,0.0573,2027.7
570,0.0503,2030.7
571,0.0676,2033.7
572,0.0163,2037.2
573,0.0402,2040.3
574,0.1132,2043.4
575,0.0626,2046.7
576,0.0419,2049.7
577,0.0537,2052.7
578,0.0554,2055.9
579,0.0535,2058.9
580,0.0688,2061.9
581,0.0383,2065.0
582,0.0656,2068.0
583,0.0398,2071.1
584,0.0248,2074.1
585,0.0676,2077.0
586,0.0449,2080.1
587,0.0676,2083.1
588,0.0297,2086.2
589,0.0282,2089.1
590,0.0485,2092.0
591,0.0456,2095.2
592,0.0309,2098.2
593,0.0471,2101.1
594,0.0315,2104.2
595,0.0915,2107.2
596,0.0275,2110.3
597,0.038,2113.2
598,0.0548,2116.2
599,0.0571,2119.3
600,0.0374,2122.3
601,0.0343,2246.7
602,0.0547,2249.7
603,0.0551,2252.6
604,0.0239,2255.6
605,0.04,2258.4
606,0.0427,2261.3
607,0.0324,2264.3
608,0.0124,2267.2
609,0.084,2270.2
610,0.0961,2273.0
611,0.0362,2275.8
612,0.0439,2278.8
613,0.0402,2281.7
614,0.0624,2284.6
615,0.0488,2287.7
616,0.0369,2290.6
617,0.031,2293.6
618,0.0549,2296.5
619,0.0408,2299.3
620,0.0268,2302.3
621,0.0283,2305.2
622,0.0521,2308.1
623,0.0534,2311.2
624,0.0619,2314.1
625,0.026,2317.1
626,0.0416,2319.8
627,0.0238,2322.7
628,0.0235,2325.8
629,0.0554,2328.7
630,0.0397,2331.8
631,0.0477,2334.6
632,0.0668,2337.4
633,0.0481,2340.4
634,0.0373,2343.3
635,0.042,2346.1
636,0.0189,2349.2
637,0.0346,2352.3
638,0.0496,2356.0
639,0.0471,2359.3
640,0.0231,2362.4
641,0.1399,2365.6
642,0.0348,2368.5
643,0.0741,2371.5
644,0.0645,2374.7
645,0.0341,2377.7
646,0.0441,2380.8
647,0.056,2383.6
648,0.0462,2386.4
649,0.0562,2389.5
650,0.052,2392.5
651,0.0711,2395.4
652,0.0392,2398.4
653,0.0622,2401.1
654,0.0314,2404.0
655,0.0414,2406.8
656,0.0801,2409.6
657,0.0609,2412.5
658,0.0496,2415.2
659,0.0558,2418.0
660,0.0919,2420.9
661,0.0254,2423.7
662,0.0381,2426.7
663,0.0586,2429.6
664,0.0523,2432.3
665,0.0349,2435.2
666,0.0705,2437.9
667,0.0143,2440.7
668,0.046,2443.6
669,0.0555,2446.3
670,0.0574,2449.2
671,0.0289,2452.1
672,0.0382,2455.0
673,0.0381,2457.9
674,0.0255,2460.7
675,0.0496,2463.5
676,0.0495,2466.4
677,0.0149,2469.1
678,0.0407,2472.0
679,0.0334,2474.8
680,0.0389,2477.5
681,0.0217,2480.5
682,0.0397,2483.2
683,0.0248,2486.0
684,0.0324,2489.1
685,0.0318,2491.8
686,0.1081,2494.8
687,0.0447,2497.6
688,0.0693,2500.4
689,0.0473,2503.3
690,0.0311,2506.1
691,0.0324,2508.8
692,0.0299,2511.8
693,0.0468,2514.5
694,0.0565,2517.2
695,0.0332,2520.3
696,0.0156,2523.1
697,0.0448,2526.0
698,0.0366,2528.9
699,0.0157,2531.8
700,0.0316,2534.9
701,0.0377,2537.9
702,0.025,2541.1
703,0.0635,2544.1
704,0.05,2547.2
705,0.033,2550.4
706,0.0329,2553.4
707,0.0225,2556.5
708,0.0293,2559.6
709,0.0168,2562.6
710,0.0392,2565.7
711,0.0386,2568.6
712,0.0386,2571.5
713,0.0893,2574.6
714,0.155,2577.5
715,0.0363,2580.6
716,0.0364,2583.7
717,0.0107,2586.7
718,0.015,2589.9
719,0.0169,2592.7
720,0.0247,2595.5
721,0.0334,2598.5
722,0.0347,2601.1
723,0.025,2604.1
724,0.0462,2606.9
725,0.0486,2609.6
726,0.0155,2612.5
727,0.0106,2615.2
728,0.0515,2618.0
729,0.0392,2621.1
730,0.0751,2624.0
731,0.0336,2627.0
732,0.0678,2629.9
733,0.0283,2632.9
734,0.0352,2636.0
735,0.0636,2639.0
736,0.0202,2641.9
737,0.0838,2645.0
738,0.0865,2647.9
739,0.0349,2651.0
740,0.0219,2654.0
741,0.0182,2656.9
742,0.0903,2660.0
743,0.045,2662.9
744,0.0496,2665.8
745,0.0443,2668.9
746,0.0646,2671.9
747,0.0457,2675.4
748,0.0306,2678.7
749,0.0351,2682.1
750,0.0489,2685.3
751,0.0596,2820.8
752,0.0231,2823.7
753,0.0593,2826.8
754,0.0363,2829.8
755,0.0251,2832.9
756,0.029,2835.9
757,0.0411,2838.9
758,0.0277,2842.0
759,0.0418,2844.9
760,0.0954,2847.8
761,0.0272,2850.8
762,0.0424,2853.5
763,0.0301,2856.5
764,0.0276,2859.3
765,0.0242,2862.0
766,0.0388,2864.9
767,0.0331,2867.6
768,0.0791,2870.3
769,0.0317,2873.2
770,0.0243,2876.0
771,0.072,2878.9
772,0.0472,2881.7
773,0.0148,2884.4
774,0.0365,2887.3
775,0.0136,2890.0
776,0.0494,2892.7
777,0.0226,2895.6
778,0.0201,2898.4
779,0.035,2901.3
780,0.0243,2904.0
781,0.0328,2906.7
782,0.0371,2909.7
783,0.0325,2912.4
784,0.0407,2915.3
785,0.0257,2918.0
786,0.0471,2920.8
787,0.0648,2923.7
788,0.0243,2926.5
789,0.067,2929.2
790,0.0181,2932.1
791,0.05,2934.9
792,0.0402,2937.8
793,0.111,2940.6
794,0.0263,2943.3
795,0.06,2946.2
796,0.006,2949.0
797,0.1392,2951.7
798,0.0469,2954.9
799,0.0479,2957.7
800,0.0312,2960.4
801,0.0093,2963.4
802,0.0196,2966.2
803,0.0488,2969.2
804,0.053,2972.0
805,0.0325,2974.8
806,0.043,2977.7
807,0.0534,2980.5
808,0.0361,2983.4
809,0.0277,2986.4
810,0.048,2989.2
811,0.0419,2992.3
812,0.06,2995.6
813,0.0325,2999.0
814,0.0191,3002.5
815,0.0499,3005.5
816,0.0366,3008.9
817,0.04,3012.1
818,0.0259,3015.3
819,0.0583,3018.4
820,0.0382,3021.4
821,0.0234,3024.6
822,0.0178,3027.7
823,0.042,3030.7
824,0.0252,3034.0
825,0.0487,3037.0
826,0.0311,3040.1
827,0.0435,3043.2
828,0.0569,3046.1
829,0.1056,3049.1
830,0.0316,3052.1
831,0.0498,3055.1
832,0.0395,3058.3
833,0.0414,3061.3
834,0.0257,3064.3
835,0.029,3067.4
836,0.0458,3070.4
837,0.0327,3073.6
838,0.0188,3076.4
839,0.0137,3079.2
840,0.0279,3082.3
841,0.0294,3085.1
842,0.0539,3087.9
843,0.0483,3090.9
844,0.0375,3093.7
845,0.0419,3096.8
846,0.0358,3099.6
847,0.0458,3102.6
848,0.0356,3105.7
849,0.0325,3108.6
850,0.0164,3111.6
851,0.0262,3114.6
852,0.035,3117.6
853,0.0431,3120.6
854,0.0168,3123.5
855,0.0202,3126.3
856,0.0134,3129.2
857,0.0382,3132.0
858,0.0298,3135.0
859,0.0232,3137.8
860,0.0192,3140.6
861,0.0538,3143.6
862,0.0218,3146.4
863,0.0292,3149.2
864,0.0426,3152.2
865,0.0404,3155.0
866,0.0181,3157.9
867,0.0202,3160.7
868,0.0387,3163.5
869,0.0452,3166.5
870,0.0222,3169.3
871,0.0109,3172.1
872,0.0281,3175.1
873,0.0084,3177.8
874,0.0162,3180.7
875,0.0224,3183.5
876,0.0411,3186.2
877,0.0144,3189.1
878,0.0128,3191.8
879,0.0189,3194.5
880,0.0455,3197.6
881,0.0284,3200.6
882,0.0188,3203.5
883,0.0156,3206.3
884,0.0057,3209.1
885,0.0278,3212.1
886,0.0257,3214.8
887,0.0188,3217.6
888,0.0184,3220.5
889,0.0407,3223.3
890,0.0359,3226.3
891,0.0111,3229.0
892,0.0167,3231.9
893,0.0157,3234.8
894,0.0117,3237.6
895,0.0478,3240.4
896,0.0207,3243.4
897,0.0382,3246.2
898,0.0506,3249.1
899,0.0272,3251.8
900,0.0049,3254.6
901,0.045,3386.1
902,0.0102,3388.8
903,0.0357,3391.5
904,0.0228,3394.5
905,0.0352,3397.2
906,0.0161,3400.2
907,0.0356,3402.9
908,0.0167,3405.7
909,0.0259,3408.7
910,0.0505,3411.5
911,0.0087,3414.4
912,0.0338,3417.1
913,0.0626,3419.9
914,0.0398,3422.8
915,0.0542,3425.6
916,0.0365,3428.3
917,0.0295,3431.2
918,0.025,3433.9
919,0.0299,3436.8
920,0.0309,3439.5
921,0.0428,3442.3
922,0.0498,3445.2
923,0.0286,3448.0
924,0.0498,3450.8
925,0.0323,3453.7
926,0.058,3456.4
927,0.0076,3459.2
928,0.0098,3462.1
929,0.0485,3464.8
930,0.042,3467.8
931,0.0145,3470.5
932,0.0152,3473.3
933,0.0237,3476.2
934,0.0102,3479.0
935,0.0411,3482.0
936,0.0323,3484.7
937,0.0195,3487.4
938,0.0146,3490.4
939,0.0327,3493.2
940,0.0167,3496.0
941,0.0194,3499.0
942,0.045,3501.7
943,0.0148,3504.7
944,0.0171,3507.5
945,0.0096,3510.3
946,0.0319,3513.2
947,0.0103,3516.0
948,0.0343,3518.9
949,0.0168,3521.7
950,0.0294,3524.4
951,0.0137,3527.3
952,0.027,3530.1
953,0.1705,3532.8
954,0.0253,3535.8
955,0.0309,3538.5
956,0.0155,3541.5
957,0.0225,3544.3
958,0.0148,3547.0
959,0.0193,3550.0
960,0.0287,3552.8
961,0.0236,3555.6
962,0.0132,3558.6
963,0.0391,3561.4
964,0.0303,3564.4
965,0.0099,3567.2
966,0.024,3569.9
967,0.0308,3572.8
968,0.0214,3575.6
969,0.044,3578.3
970,0.0294,3581.3
971,0.0197,3584.1
972,0.0169,3587.2
973,0.0322,3590.1
974,0.0203,3593.1
975,0.0231,3596.3
976,0.0365,3599.2
977,0.0102,3602.1
978,0.0326,3605.2
979,0.0296,3608.2
980,0.0653,3611.3
981,0.031,3614.2
982,0.0323,3617.1
983,0.0217,3620.3
984,0.0051,3623.2
985,0.0138,3626.4
986,0.0292,3629.2
987,0.0186,3632.1
988,0.0212,3635.2
989,0.0154,3638.3
990,0.0246,3641.7
991,0.0448,3645.1
992,0.0167,3648.1
993,0.01,3651.5
994,0.0272,3654.7
995,0.0728,3657.6
996,0.0475,3660.8
997,0.0361,3663.9
998,0.0532,3667.0
999,0.0175,3670.2
1000,0.0272,3673.1
1001,0.0292,3676.5
1002,0.0266,3679.5
1003,0.0165,3682.6
1004,0.0924,3685.8
1005,0.0217,3688.7
1006,0.0155,3691.6
1007,0.0195,3694.7
1008,0.0383,3697.7
1009,0.0426,3700.7
1010,0.0354,3703.4
1011,0.0175,3706.2
1012,0.1155,3709.4
1013,0.0471,3712.3
1014,0.0117,3715.1
1015,0.0172,3718.3
1016,0.0285,3721.2
1017,0.0402,3724.3
1018,0.0175,3727.2
1019,0.0405,3730.1
1020,0.0404,3733.2
1021,0.0133,3736.0
1022,0.015,3738.9
1023,0.0238,3742.0
1024,0.0141,3744.9
1025,0.0067,3747.9
1026,0.0207,3750.8
1027,0.0094,3753.7
1028,0.0535,3756.8
1029,0.0565,3759.7
1030,0.0279,3762.6
1031,0.0239,3765.6
1032,0.0366,3768.6
1033,0.0185,3771.7
1034,0.022,3774.7
1035,0.0248,3777.6
1036,0.015,3780.8
1037,0.0092,3783.7
1038,0.0177,3786.6
1039,0.0082,3789.7
1040,0.02,3792.7
1041,0.0377,3795.6
1042,0.0303,3798.6
1043,0.0165,3801.7
1044,0.0017,3804.8
1045,0.0053,3807.5
1046,0.0181,3810.2
1047,0.0264,3813.1
1048,0.0287,3815.9
1049,0.0248,3818.6
1050,0.0234,3821.5
1051,0.0282,3945.0
1052,0.0277,3948.1
1053,0.0411,3951.0
1054,0.0432,3953.9
1055,0.0554,3957.0
1056,0.0021,3960.0
1057,0.0453,3963.4
1058,0.0095,3966.5
1059,0.048,3969.5
1060,0.0277,3972.8
1061,0.043,3975.7
1062,0.0164,3978.7
1063,0.0595,3981.7
1064,0.0289,3984.6
1065,0.0361,3987.6
1066,0.0485,3990.4
1067,0.012,3993.2
1068,0.0128,3996.2
1069,0.0371,3999.0
1070,0.0267,4001.8
1071,0.0207,4004.7
1072,0.0259,4007.4
1073,0.0117,4010.3
1074,0.0289,4013.1
1075,0.0144,4015.8
1076,0.0301,4018.8
1077,0.0203,4021.5
1078,0.0282,4024.3
1079,0.0408,4027.2
1080,0.059,4029.9
1081,0.0206,4032.8
1082,0.0194,4035.5
1083,0.0104,4038.3
1084,0.0179,4041.3
1085,0.0387,4044.1
1086,0.0458,4047.1
1087,0.0328,4049.9
1088,0.018,4052.7
1089,0.0107,4055.6
1090,0.018,4058.4
1091,0.0337,4061.1
1092,0.0433,4064.1
1093,0.0212,4066.9
1094,0.0381,4069.8
1095,0.0381,4072.6
1096,0.0269,4075.6
1097,0.0364,4078.6
1098,0.0287,4081.6
1099,0.0318,4084.5
1100,0.0215,4087.6
1101,0.0314,4090.5
1102,0.0346,4093.6
1103,0.018,4096.6
1104,0.0275,4099.5
1105,0.0122,4102.6
1106,0.02,4105.5
1107,0.0055,4108.4
1108,0.0542,4111.5
1109,0.0289,4114.4
1110,0.0086,4117.5
1111,0.0517,4120.5
1112,0.065,4123.4
1113,0.0235,4126.5
1114,0.008,4129.5
1115,0.0379,4132.4
1116,0.01,4135.5
1117,0.0146,4138.4
1118,0.034,4141.4
1119,0.0179,4144.4
1120,0.0271,4147.3
1121,0.0136,4150.4
1122,0.0098,4153.4
1123,0.0164,4156.3
1124,0.0188,4159.4
1125,0.0141,4162.3
1126,0.0187,4165.5
1127,0.039,4168.4
1128,0.0123,4171.4
1129,0.0155,4174.5
1130,0.0375,4177.4
1131,0.0521,4180.3
1132,0.0025,4183.4
1133,0.0269,4186.3
1134,0.0284,4189.4
1135,0.0221,4192.3
1136,0.0175,4195.2
1137,0.0056,4198.3
1138,0.0277,4201.1
1139,0.0461,4203.9
1140,0.0065,4206.7
1141,0.0115,4209.4
1142,0.0196,4212.3
1143,0.0198,4215.0
1144,0.0142,4217.8
1145,0.0225,4220.7
1146,0.042,4223.5
1147,0.0077,4226.2
1148,0.0301,4229.1
1149,0.0285,4231.9
1150,0.0038,4234.5
1151,0.0135,4237.7
1152,0.011,4240.7
1153,0.0085,4243.9
1154,0.0291,4246.9
1155,0.0317,4249.8
1156,0.0242,4253.0
1157,0.0066,4255.9
1158,0.0105,4259.0
1159,0.0117,4262.0
1160,0.0056,4264.9
1161,0.0144,4268.0
1162,0.0454,4270.9
1163,0.0084,4273.7
1164,0.0308,4276.8
1165,0.0265,4280.1
1166,0.0225,4283.8
1167,0.0166,4287.2
1168,0.0144,4290.3
1169,0.0324,4293.7
1170,0.0188,4296.9
1171,0.0301,4300.1
1172,0.0191,4303.2
1173,0.008,4306.1
1174,0.0146,4309.1
1175,0.003,4311.9
1176,0.0124,4314.7
1177,0.009,4317.8
1178,0.014,4320.7
1179,0.0627,4323.9
1180,0.045,4326.8
1181,0.0408,4329.7
1182,0.0296,4332.8
1183,0.0386,4335.8
1184,0.0784,4338.7
1185,0.0193,4341.8
1186,0.0319,4344.7
1187,0.0077,4347.8
1188,0.0465,4350.7
1189,0.0235,4353.6
1190,0.0271,4356.6
1191,0.0286,4359.6
1192,0.0624,4362.5
1193,0.0058,4365.7
1194,0.0079,4368.7
1195,0.0509,4371.8
1196,0.0216,4374.7
1197,0.0272,4377.4
1198,0.0138,4380.3
1199,0.0213,4383.0
1200,0.0122,4385.8
