step,loss,elapsed_seconds,trailing_50_mean
1,2.5097,3.1,2.5097
2,2.5213,6.2,2.5155000000000003
3,2.1205,9.1,2.3838333333333335
4,1.7603,12.0,2.22795
5,1.7794,15.5,2.13824
6,1.6863,18.4,2.0629166666666667
7,2.0292,21.4,2.0581
8,1.2115,24.5,1.9522749999999998
9,1.312,27.4,1.8811333333333333
10,1.2463,30.5,1.81765
11,1.1266,33.3,1.7548272727272727
12,0.9456,36.1,1.6873916666666666
13,0.9379,39.0,1.6297384615384614
14,0.6781,41.7,1.5617642857142857
15,0.9147,44.4,1.5186266666666666
16,0.6365,47.4,1.46349375
17,0.5389,50.1,1.4091058823529412
18,0.4507,53.1,1.3558611111111114
19,0.489,55.9,1.3102368421052635
20,0.4293,58.7,1.2661900000000004
21,0.4875,61.6,1.2291095238095242
22,0.2006,64.4,1.1823590909090913
23,0.2685,67.1,1.1426260869565221
24,0.1821,70.0,1.1026041666666668
25,0.3759,72.8,1.0735360000000003
26,0.4086,75.7,1.0479615384615388
27,0.4715,78.4,1.0266111111111114
28,0.2649,81.2,0.999407142857143
29,0.2669,84.1,0.9741482758620692
30,0.4647,86.8,0.9571666666666669
31,0.366,89.7,0.9380967741935486
32,0.1607,92.5,0.9138031250000002
33,0.345,95.2,0.8965666666666667
34,0.2715,98.1,0.8781823529411765
35,0.1917,100.8,0.8585685714285716
36,0.2542,103.5,0.8417805555555558
37,0.3072,106.4,0.8273324324324326
38,0.1811,109.1,0.8103263157894739
39,0.1834,112.0,0.7942512820512823
40,0.1352,114.7,0.7777750000000002
41,0.1873,117.4,0.7633731707317075
42,0.3352,120.2,0.7531785714285716
43,0.2004,123.0,0.7403232558139536
44,0.2413,125.6,0.7289818181818184
45,0.1613,128.5,0.7163666666666668
46,0.1676,131.4,0.7044369565217393
47,0.1749,134.1,0.6931702127659576
48,0.1685,137.0,0.6822395833333336
49,0.1989,139.8,0.6723755102040818
50,0.1155,142.7,0.6612380000000002
51,0.1344,145.4,0.6137320000000002
52,0.3085,148.1,0.5694760000000002
53,0.1908,151.4,0.5308820000000002
54,0.142,154.6,0.49851599999999996
55,0.2303,157.9,0.467534
56,0.1309,161.0,0.4364259999999999
57,0.0966,164.0,0.397774
58,0.0871,167.0,0.3752859999999999
59,0.2004,169.8,0.353054
60,0.1241,172.7,0.3306099999999999
61,0.1892,175.7,0.3118620000000001
62,0.2247,178.4,0.29744400000000004
63,0.1007,181.3,0.28070000000000006
64,0.1727,184.1,0.27059200000000005
65,0.1255,186.9,0.25480800000000003
66,0.1851,189.8,0.24578
67,0.1042,192.5,0.23708600000000002
68,0.168,195.4,0.231432
69,0.1292,198.2,0.224236
70,0.108,201.0,0.21781000000000003
71,0.1016,203.9,0.21009200000000006
72,0.098,206.7,0.20804000000000009
73,0.1102,209.6,0.20487400000000006
74,0.1215,212.5,0.20366200000000007
75,0.0906,215.4,0.1979560000000001
76,0.0964,218.3,0.19171200000000002
77,0.265,221.1,0.18758200000000003
78,0.2296,223.8,0.186876
79,0.0829,226.7,0.18319600000000003
80,0.1124,229.5,0.17614999999999995
81,0.1212,232.2,0.171254
82,0.1016,235.2,0.17007199999999997
83,0.1852,237.9,0.166876
84,0.1486,240.9,0.16441799999999998
85,0.0825,243.7,0.16223399999999993
86,0.1862,246.5,0.160874
87,0.0857,249.6,0.156444
88,0.0975,252.4,0.154772
89,0.0906,255.1,0.152916
90,0.114,258.1,0.152492
91,0.1272,260.8,0.15129
92,0.1318,263.7,0.14722200000000002
93,0.0997,266.6,0.145208
94,0.101,269.5,0.14240200000000003
95,0.1045,272.6,0.141266
96,0.0854,275.7,0.13962200000000002
97,0.135,278.6,0.138824
98,0.0618,281.7,0.13668999999999998
99,0.1515,284.7,0.135742
100,0.1146,287.8,0.135724
101,0.0859,290.5,0.134754
102,0.1525,293.2,0.131634
103,0.125,296.3,0.13031800000000002
104,0.0929,299.3,0.129336
105,0.1077,302.5,0.12688400000000002
106,0.0914,305.6,0.12609400000000004
107,0.1125,308.6,0.12641200000000002
108,0.0909,311.9,0.12648800000000004
109,0.285,314.8,0.12818000000000004
110,0.1242,317.7,0.12818200000000002
111,0.1745,320.9,0.12788800000000003
112,0.1176,323.8,0.12574600000000002
113,0.0786,326.9,0.12530400000000003
114,0.1931,329.7,0.12571200000000002
115,0.1196,332.7,0.12559400000000004
116,0.0925,335.8,0.12374200000000003
117,0.1494,338.7,0.12464600000000002
118,0.0802,341.6,0.12289000000000003
119,0.2356,344.6,0.12501800000000002
120,0.1193,347.5,0.12524400000000002
121,0.0814,350.6,0.12484000000000002
122,0.1401,353.5,0.12568200000000002
123,0.1762,356.4,0.127002
124,0.0981,359.5,0.126534
125,0.0993,362.4,0.126708
126,0.1632,365.3,0.128044
127,0.188,368.4,0.126504
128,0.126,371.1,0.12443199999999999
129,0.0787,374.1,0.12434800000000001
130,0.1254,376.8,0.12460800000000001
131,0.1081,379.6,0.12434600000000001
132,0.1053,382.5,0.12442
133,0.0747,385.1,0.12221
134,0.0722,387.8,0.120682
135,0.0901,390.7,0.12083400000000001
136,0.084,393.4,0.11878999999999999
137,0.1259,396.2,0.11959399999999999
138,0.1211,399.0,0.12006599999999996
139,0.1223,401.8,0.12069999999999999
140,0.0729,404.6,0.11987799999999997
141,0.0551,407.4,0.11843599999999997
142,0.0849,410.0,0.11749799999999996
143,0.0897,413.0,0.11729799999999997
144,0.0697,415.7,0.11667199999999997
145,0.0368,418.7,0.11531799999999998
146,0.1087,421.4,0.11578399999999997
147,0.1037,424.2,0.11515799999999998
148,0.0855,427.2,0.11563199999999998
149,0.091,429.9,0.11442199999999998
150,0.0836,432.7,0.11380199999999994
151,0.0568,546.5,0.11321999999999996
152,0.0817,549.2,0.11180399999999997
153,0.1226,552.2,0.111756
154,0.2748,554.9,0.11539399999999998
155,0.1055,557.6,0.11535000000000001
156,0.0866,560.5,0.115254
157,0.0866,563.3,0.11473599999999999
158,0.1566,566.4,0.11605
159,0.1126,569.3,0.11260200000000001
160,0.0609,572.3,0.11133599999999999
161,0.0843,575.4,0.10953199999999999
162,0.0799,578.2,0.108778
163,0.0842,581.2,0.10889000000000001
164,0.0695,584.3,0.10641800000000001
165,0.0649,587.4,0.10532400000000001
166,0.0667,590.7,0.104808
167,0.0794,593.7,0.103408
168,0.0781,596.7,0.10336599999999999
169,0.196,600.0,0.10257399999999998
170,0.065,603.0,0.101488
171,0.1699,606.0,0.10325799999999999
172,0.1265,609.1,0.10298600000000001
173,0.0933,612.1,0.10132799999999997
174,0.0839,615.1,0.10104399999999998
175,0.0545,618.1,0.10014800000000001
176,0.0674,621.2,0.09823200000000001
177,0.0857,624.4,0.09618600000000002
178,0.0855,627.4,0.09537599999999999
179,0.2533,630.2,0.098868
180,0.0907,633.3,0.098174
181,0.1146,636.3,0.098304
182,0.1532,639.4,0.09926200000000002
183,0.0849,642.1,0.09946600000000001
184,0.061,645.1,0.09924200000000001
185,0.0508,648.2,0.09845600000000002
186,0.0602,651.1,0.09798000000000001
187,0.0587,654.2,0.09663600000000003
188,0.0592,657.2,0.09539800000000001
189,0.0557,660.0,0.09406600000000001
190,0.084,663.2,0.09428799999999998
191,0.1455,666.0,0.096096
192,0.113,668.8,0.09665800000000001
193,0.107,671.8,0.09700400000000002
194,0.0947,674.5,0.09750400000000002
195,0.1012,677.3,0.09879200000000005
196,0.1425,680.0,0.09946800000000003
197,0.14,682.8,0.10019400000000003
198,0.0707,685.9,0.09989800000000004
199,0.1284,688.9,0.10064600000000005
200,0.1028,691.8,0.10103000000000005
201,0.0777,694.9,0.10144800000000004
202,0.0905,697.9,0.10162400000000003
203,0.1071,700.8,0.10131400000000003
204,0.102,703.6,0.09785800000000001
205,0.1474,706.3,0.09869600000000002
206,0.1058,709.4,0.09908000000000003
207,0.0763,712.3,0.09887400000000003
208,0.0482,715.3,0.096706
209,0.0995,718.3,0.09644400000000002
210,0.0999,721.3,0.097224
211,0.1362,724.4,0.09826200000000002
212,0.0627,727.3,0.09791800000000003
213,0.1226,730.3,0.09868600000000001
214,0.112,733.6,0.09953600000000001
215,0.0439,736.8,0.09911600000000002
216,0.0571,739.8,0.098924
217,0.0954,743.2,0.099244
218,0.1388,746.2,0.10045799999999999
219,0.0881,749.4,0.0983
220,0.0698,752.3,0.09839599999999998
221,0.0792,755.3,0.09658199999999999
222,0.09,758.5,0.09585199999999999
223,0.0829,761.5,0.09564399999999999
224,0.0791,764.6,0.09554799999999998
225,0.0851,767.7,0.09616
226,0.0728,770.6,0.09626799999999999
227,0.2119,773.7,0.09879199999999999
228,0.0563,776.8,0.098208
229,0.1083,779.8,0.09530799999999999
230,0.0992,782.9,0.095478
231,0.0595,785.9,0.09437599999999997
232,0.0539,789.1,0.09238999999999999
233,0.0841,791.8,0.092374
234,0.0852,794.6,0.092858
235,0.1407,797.6,0.094656
236,0.1727,800.4,0.09690599999999998
237,0.0358,803.1,0.09644799999999998
238,0.144,806.1,0.098144
239,0.121,809.0,0.09945
240,0.0594,811.9,0.09895800000000002
241,0.0531,814.6,0.09711
242,0.0544,817.4,0.09593799999999998
243,0.0586,820.5,0.09497
244,0.1017,823.3,0.09511000000000001
245,0.0679,826.1,0.094444
246,0.1233,829.0,0.09406
247,0.0598,831.7,0.092456
248,0.0524,834.6,0.09208999999999999
249,0.1262,837.4,0.09204600000000002
250,0.0779,840.1,0.091548
251,0.0647,843.0,0.091288
252,0.1378,845.8,0.092234
253,0.072,848.5,0.09153199999999999
254,0.1061,851.4,0.091614
255,0.11,854.3,0.090866
256,0.0885,857.3,0.09051999999999999
257,0.0639,860.0,0.090272
258,0.0943,862.8,0.09119400000000001
259,0.1053,865.7,0.09131
260,0.1562,868.5,0.09243599999999999
261,0.1329,871.2,0.09237000000000001
262,0.0935,874.1,0.092986
263,0.0522,877.1,0.09157799999999999
264,0.0459,880.4,0.09025599999999999
265,0.2554,883.4,0.09448599999999999
266,0.0833,886.5,0.09501
267,0.0849,889.8,0.09480000000000001
268,0.0351,892.8,0.092726
269,0.0569,895.8,0.09210199999999999
270,0.0861,898.9,0.092428
271,0.1041,901.9,0.09292600000000001
272,0.0702,904.8,0.09253
273,0.0513,907.6,0.091898
274,0.122,910.4,0.09275599999999999
275,0.0753,913.4,0.09255999999999999
276,0.0587,916.1,0.092278
277,0.0943,918.8,0.08992599999999999
278,0.0958,921.8,0.090716
279,0.0941,924.6,0.09043199999999998
280,0.1234,927.5,0.090916
281,0.0631,930.2,0.09098799999999999
282,0.0539,932.9,0.09098799999999999
283,0.0868,935.8,0.09104199999999998
284,0.0888,938.5,0.09111400000000001
285,0.0771,941.3,0.08984199999999999
286,0.0685,944.3,0.087758
287,0.1079,947.1,0.0892
288,0.088,950.0,0.08808000000000002
289,0.0518,953.1,0.08669600000000001
290,0.0271,956.1,0.08605
291,0.0704,959.2,0.08639600000000001
292,0.0632,962.2,0.08657200000000001
293,0.0879,965.2,0.08715800000000001
294,0.0739,968.3,0.08660200000000001
295,0.1271,971.2,0.087786
296,0.1075,974.4,0.08746999999999999
297,0.0379,977.2,0.08703199999999997
298,0.1007,980.2,0.08799799999999999
299,0.1437,983.3,0.08834799999999998
300,0.0612,986.3,0.088014
301,0.1128,1112.6,0.088976
302,0.0713,1115.5,0.08764600000000002
303,0.1022,1118.2,0.08825000000000001
304,0.0633,1121.1,0.087394
305,0.0939,1123.8,0.08707199999999998
306,0.0576,1126.5,0.08645399999999999
307,0.0567,1129.3,0.08631
308,0.1564,1132.0,0.087552
309,0.1184,1134.7,0.087814
310,0.0704,1137.6,0.086098
311,0.0483,1140.3,0.084406
312,0.0859,1143.1,0.084254
313,0.079,1146.1,0.08478999999999998
314,0.0694,1148.8,0.08525999999999996
315,0.0783,1151.7,0.08171799999999997
316,0.0895,1154.5,0.08184199999999997
317,0.0425,1157.2,0.080994
318,0.0881,1160.2,0.08205399999999997
319,0.0891,1163.0,0.082698
320,0.0472,1166.3,0.08191999999999998
321,0.0989,1169.7,0.081816
322,0.0768,1172.7,0.08194800000000001
323,0.0366,1175.8,0.081654
324,0.0549,1178.7,0.080312
325,0.0688,1181.6,0.080182
326,0.0583,1184.6,0.08017399999999998
327,0.0925,1187.4,0.080138
328,0.0641,1190.4,0.07950399999999998
329,0.0929,1193.3,0.07948
330,0.0689,1196.0,0.07839
331,0.0766,1198.9,0.07866
332,0.1219,1201.7,0.08002
333,0.0512,1204.4,0.07930799999999999
334,0.049,1207.4,0.078512
335,0.0894,1210.2,0.078758
336,0.0482,1213.1,0.078352
337,0.0583,1215.9,0.07736000000000001
338,0.0417,1218.6,0.07643400000000002
339,0.0601,1221.6,0.07660000000000002
340,0.0582,1224.5,0.07722200000000001
341,0.0599,1227.4,0.077012
342,0.0227,1230.3,0.07620199999999999
343,0.1844,1233.1,0.07813200000000001
344,0.158,1236.1,0.079814
345,0.0676,1238.8,0.078624
346,0.0468,1241.7,0.07740999999999999
347,0.0625,1244.7,0.077902
348,0.0496,1247.6,0.07687999999999999
349,0.0625,1250.4,0.07525599999999999
350,0.0763,1253.3,0.07555799999999999
351,0.0648,1256.0,0.074598
352,0.11,1259.0,0.07537199999999998
353,0.0323,1261.8,0.073974
354,0.0662,1264.7,0.07403199999999999
355,0.0478,1267.7,0.07310999999999998
356,0.0822,1270.4,0.07360199999999999
357,0.0643,1273.2,0.07375399999999997
358,0.0777,1276.2,0.07217999999999998
359,0.0787,1279.0,0.07138599999999998
360,0.0579,1281.9,0.07113599999999998
361,0.04,1284.7,0.07096999999999999
362,0.0484,1287.5,0.07021999999999999
363,0.0731,1290.5,0.070102
364,0.0494,1293.3,0.06970199999999999
365,0.056,1296.0,0.069256
366,0.092,1299.0,0.06930599999999999
367,0.0477,1301.8,0.06940999999999999
368,0.0564,1304.8,0.06877599999999999
369,0.0657,1307.6,0.068308
370,0.0353,1310.5,0.06806999999999999
371,0.0557,1313.6,0.06720599999999999
372,0.042,1316.6,0.06651
373,0.0685,1319.7,0.067148
374,0.0439,1323.0,0.066928
375,0.1612,1326.0,0.06877599999999999
376,0.0589,1329.0,0.06878799999999999
377,0.1044,1332.1,0.06902599999999999
378,0.0855,1335.0,0.06945399999999999
379,0.04,1338.0,0.06839600000000001
380,0.0701,1340.8,0.06842000000000001
381,0.1228,1343.6,0.069344
382,0.0372,1346.8,0.06765
383,0.102,1349.6,0.068666
384,0.0582,1352.7,0.06885
385,0.1138,1355.6,0.06933799999999998
386,0.0845,1358.4,0.07006399999999999
387,0.103,1361.5,0.070958
388,0.0585,1364.3,0.07129399999999998
389,0.0895,1367.2,0.07188199999999999
390,0.0808,1370.2,0.07233399999999998
391,0.0763,1373.1,0.07266199999999999
392,0.0808,1376.1,0.073824
393,0.1327,1379.0,0.07279
394,0.081,1381.9,0.07125
395,0.0521,1385.1,0.07093999999999999
396,0.0834,1388.0,0.071672
397,0.0737,1391.1,0.071896
398,0.0661,1394.1,0.072226
399,0.0442,1397.1,0.07185999999999998
400,0.0511,1400.3,0.07135599999999999
401,0.0578,1403.2,0.07121599999999999
402,0.0496,1406.2,0.07000799999999999
403,0.0755,1409.4,0.07087199999999998
404,0.0825,1412.3,0.07119799999999998
405,0.04,1415.3,0.071042
406,0.0513,1418.2,0.07042399999999999
407,0.0465,1420.9,0.07006799999999998
408,0.0451,1423.9,0.06941599999999999
409,0.048,1426.7,0.06880199999999999
410,0.053,1429.6,0.06870399999999999
411,0.031,1432.7,0.06852399999999999
412,0.0619,1435.5,0.06879399999999998
413,0.0587,1438.5,0.068506
414,0.049,1441.2,0.06849799999999999
415,0.0236,1443.9,0.06785
416,0.0871,1446.9,0.06775199999999999
417,0.0281,1449.9,0.06735999999999999
418,0.055,1452.9,0.067332
419,0.0512,1456.3,0.067042
420,0.1959,1459.5,0.070254
421,0.0813,1462.6,0.070766
422,0.0583,1465.7,0.07109199999999999
423,0.0326,1468.8,0.07037399999999999
424,0.0808,1472.3,0.071112
425,0.058,1475.3,0.069048
426,0.0475,1478.4,0.06882
427,0.0532,1481.7,0.06779600000000001
428,0.0646,1484.7,0.067378
429,0.0564,1487.9,0.067706
430,0.0288,1491.0,0.06688
431,0.0615,1494.0,0.065654
432,0.0474,1497.2,0.065858
433,0.0449,1500.1,0.064716
434,0.0421,1503.4,0.064394
435,0.122,1506.4,0.064558
436,0.0578,1509.4,0.064024
437,0.0957,1512.5,0.06387799999999999
438,0.0771,1515.5,0.06424999999999999
439,0.068,1518.5,0.06382
440,0.0469,1521.6,0.06314199999999999
441,0.0364,1524.7,0.06234399999999999
442,0.0671,1527.9,0.062069999999999986
443,0.0373,1530.9,0.06016199999999999
444,0.0651,1533.9,0.05984400000000001
445,0.1253,1537.1,0.06130800000000001
446,0.0668,1540.0,0.06097600000000001
447,0.0795,1543.0,0.06109200000000001
448,0.1476,1546.2,0.062722
449,0.04,1549.2,0.06263800000000001
450,0.053,1552.4,0.06267600000000001
451,0.0292,1678.0,0.062104000000000006
452,0.0445,1681.0,0.062002000000000015
453,0.0377,1684.1,0.06124600000000003
454,0.0413,1687.1,0.06042200000000002
455,0.0376,1690.1,0.06037400000000002
456,0.0432,1693.3,0.06021200000000002
457,0.0582,1696.2,0.06044600000000002
458,0.0791,1699.4,0.061126000000000014
459,0.0625,1702.4,0.06141600000000001
460,0.035,1705.4,0.06105600000000002
461,0.0522,1708.4,0.061480000000000014
462,0.1059,1711.2,0.06236000000000001
463,0.1096,1714.2,0.063378
464,0.0621,1717.0,0.06364
465,0.0978,1719.9,0.065124
466,0.0682,1723.0,0.06474600000000001
467,0.0741,1725.8,0.06566600000000002
468,0.0729,1728.6,0.066024
469,0.1048,1731.6,0.067096
470,0.0403,1734.4,0.063984
471,0.1031,1737.3,0.06441999999999999
472,0.0851,1740.3,0.064956
473,0.0644,1743.2,0.06559199999999998
474,0.0227,1746.4,0.06443
475,0.0655,1749.6,0.06458000000000001
476,0.0681,1752.5,0.064992
477,0.0627,1755.7,0.06518199999999999
478,0.0403,1758.8,0.064696
479,0.081,1762.0,0.065188
480,0.1076,1764.9,0.06676399999999999
481,0.0383,1767.9,0.0663
482,0.0588,1770.9,0.066528
483,0.0788,1773.7,0.06720600000000002
484,0.0877,1776.5,0.068118
485,0.0796,1779.5,0.06727
486,0.0488,1782.4,0.06709000000000001
487,0.0501,1785.5,0.06617800000000001
488,0.0571,1788.5,0.065778
489,0.05,1791.6,0.06541800000000002
490,0.0671,1794.8,0.065822
491,0.073,1797.8,0.066554
492,0.0296,1800.8,0.065804
493,0.0546,1804.0,0.06615
494,0.166,1806.9,0.06816799999999999
495,0.0444,1810.1,0.06655
496,0.0628,1813.1,0.06647000000000002
497,0.0345,1816.1,0.06557
498,0.0236,1819.2,0.06309000000000001
499,0.0537,1822.3,0.06336400000000002
500,0.0449,1825.3,0.06320200000000001
501,0.1008,1828.5,0.06463400000000001
502,0.1102,1831.5,0.065948
503,0.0302,1834.7,0.065798
504,0.0634,1837.7,0.06624000000000001
505,0.0935,1840.7,0.067358
506,0.0467,1843.9,0.067428
507,0.0296,1846.8,0.066856
508,0.0372,1849.8,0.066018
509,0.0251,1853.1,0.06527
510,0.0824,1856.2,0.066218
511,0.0566,1859.3,0.06630599999999999
512,0.0692,1862.1,0.06557199999999999
513,0.063,1864.9,0.06463999999999999
514,0.035,1868.0,0.064098
515,0.0691,1870.8,0.063524
516,0.078,1873.8,0.06372
517,0.0503,1876.6,0.063244
518,0.0569,1879.5,0.062924
519,0.0324,1882.6,0.061475999999999996
520,0.0597,1885.4,0.06186399999999999
521,0.0992,1888.3,0.061785999999999994
522,0.0774,1891.6,0.061632
523,0.0557,1894.4,0.06145799999999999
524,0.0344,1897.6,0.061692
525,0.0664,1900.6,0.06171
526,0.1305,1903.5,0.062958
527,0.111,1906.7,0.06392400000000001
528,0.0525,1909.6,0.06416800000000002
529,0.0673,1912.5,0.063894
530,0.0193,1915.6,0.062128
531,0.2009,1918.4,0.06538
532,0.0725,1921.3,0.06565399999999999
533,0.0541,1924.2,0.06515999999999998
534,0.0314,1927.0,0.06403399999999998
535,0.0198,1929.9,0.06283799999999999
536,0.0438,1932.7,0.06273799999999999
537,0.0748,1935.5,0.063232
538,0.0681,1938.5,0.063452
539,0.0461,1941.3,0.063374
540,0.0998,1944.3,0.064028
541,0.0377,1947.0,0.06332199999999999
542,0.0382,1949.8,0.063494
543,0.0614,1952.7,0.06362999999999999
544,0.0622,1955.7,0.06155399999999999
545,0.0622,1958.5,0.06190999999999999
546,0.0739,1961.5,0.06213199999999999
547,0.0672,1964.2,0.062786
548,0.0287,1967.2,0.062888
549,0.081,1970.1,0.063434
550,0.0499,1973.0,0.063534
551,0.0436,1975.9,0.06239000000000001
552,0.0413,1978.7,0.061012000000000004
553,0.0987,1981.5,0.06238200000000001
554,0.0657,1984.5,0.06242800000000001
555,0.0375,1987.3,0.06130800000000001
556,0.0255,1990.2,0.06088400000000001
557,0.0467,1993.0,0.06122600000000001
558,0.0397,1995.8,0.06127600000000001
559,0.0635,1998.8,0.06204400000000001
560,0.0481,2001.6,0.061358
561,0.0893,2004.4,0.062012
562,0.0371,2007.3,0.061370000000000015
563,0.0712,2010.1,0.06153400000000002
564,0.0464,2013.2,0.06176200000000001
565,0.1175,2016.1,0.06273000000000002
566,0.0359,2018.9,0.06188800000000001
567,0.0761,2021.9,0.06240400000000001
568,0.0405,2024.8,0.06207600000000002
569,0.0573,2027.7,0.062574
570,0.0503,2030.7,0.06238600000000002
571,0.0676,2033.7,0.061754
572,0.0163,2037.2,0.06053200000000001
573,0.0402,2040.3,0.06022200000000002
574,0.1132,2043.4,0.06179800000000002
575,0.0626,2046.7,0.06172200000000001
576,0.0419,2049.7,0.05995000000000002
577,0.0537,2052.7,0.05880400000000002
578,0.0554,2055.9,0.058862000000000025
579,0.0535,2058.9,0.05858600000000002
580,0.0688,2061.9,0.05957600000000003
581,0.0383,2065.0,0.056324000000000034
582,0.0656,2068.0,0.05618600000000003
583,0.0398,2071.1,0.05590000000000002
584,0.0248,2074.1,0.05576800000000001
585,0.0676,2077.0,0.05672400000000002
586,0.0449,2080.1,0.05674600000000002
587,0.0676,2083.1,0.05660200000000001
588,0.0297,2086.2,0.05583400000000002
589,0.0282,2089.1,0.05547600000000002
590,0.0485,2092.0,0.05445000000000001
591,0.0456,2095.2,0.054608
592,0.0309,2098.2,0.054462
593,0.0471,2101.1,0.054176
594,0.0315,2104.2,0.053562000000000005
595,0.0915,2107.2,0.054148
596,0.0275,2110.3,0.05322
597,0.038,2113.2,0.052636
598,0.0548,2116.2,0.053158000000000004
599,0.0571,2119.3,0.052680000000000005
600,0.0374,2122.3,0.05243
601,0.0343,2246.7,0.05224399999999999
602,0.0547,2249.7,0.052511999999999996
603,0.0551,2252.6,0.05163999999999999
604,0.0239,2255.6,0.05080399999999998
605,0.04,2258.4,0.05085399999999999
606,0.0427,2261.3,0.05119799999999999
607,0.0324,2264.3,0.050912
608,0.0124,2267.2,0.050365999999999994
609,0.084,2270.2,0.050775999999999995
610,0.0961,2273.0,0.051736
611,0.0362,2275.8,0.05067399999999999
612,0.0439,2278.8,0.05080999999999999
613,0.0402,2281.7,0.050189999999999985
614,0.0624,2284.6,0.050509999999999985
615,0.0488,2287.7,0.049135999999999985
616,0.0369,2290.6,0.049156
617,0.031,2293.6,0.04825399999999999
618,0.0549,2296.5,0.048541999999999995
619,0.0408,2299.3,0.04821199999999999
620,0.0268,2302.3,0.04774199999999999
621,0.0283,2305.2,0.046956000000000005
622,0.0521,2308.1,0.047672
623,0.0534,2311.2,0.047936000000000006
624,0.0619,2314.1,0.04691
625,0.026,2317.1,0.046178
626,0.0416,2319.8,0.046172
627,0.0238,2322.7,0.04557399999999998
628,0.0235,2325.8,0.04493599999999998
629,0.0554,2328.7,0.044973999999999986
630,0.0397,2331.8,0.04439199999999999
631,0.0477,2334.6,0.044579999999999995
632,0.0668,2337.4,0.044604
633,0.0481,2340.4,0.04477
634,0.0373,2343.3,0.04502
635,0.042,2346.1,0.044508
636,0.0189,2349.2,0.043988
637,0.0346,2352.3,0.043328
638,0.0496,2356.0,0.043726
639,0.0471,2359.3,0.04410399999999999
640,0.0231,2362.4,0.043595999999999996
641,0.1399,2365.6,0.045481999999999995
642,0.0348,2368.5,0.04555999999999999
643,0.0741,2371.5,0.0461
644,0.0645,2374.7,0.04676
645,0.0341,2377.7,0.04561200000000001
646,0.0441,2380.8,0.045944000000000006
647,0.056,2383.6,0.04630400000000002
648,0.0462,2386.4,0.046132000000000006
649,0.0562,2389.5,0.04611400000000001
650,0.052,2392.5,0.04640599999999999
651,0.0711,2395.4,0.04714199999999999
652,0.0392,2398.4,0.046832000000000006
653,0.0622,2401.1,0.04697399999999999
654,0.0314,2404.0,0.047124
655,0.0414,2406.8,0.04715199999999999
656,0.0801,2409.6,0.04789999999999999
657,0.0609,2412.5,0.04846999999999999
658,0.0496,2415.2,0.049213999999999994
659,0.0558,2418.0,0.04865
660,0.0919,2420.9,0.048565999999999984
661,0.0254,2423.7,0.04834999999999998
662,0.0381,2426.7,0.04823399999999999
663,0.0586,2429.6,0.048602
664,0.0523,2432.3,0.0484
665,0.0349,2435.2,0.048122
666,0.0705,2437.9,0.048794000000000004
667,0.0143,2440.7,0.04846
668,0.046,2443.6,0.048282000000000005
669,0.0555,2446.3,0.04857600000000001
670,0.0574,2449.2,0.049188
671,0.0289,2452.1,0.04920000000000001
672,0.0382,2455.0,0.048922
673,0.0381,2457.9,0.048616
674,0.0255,2460.7,0.047888000000000014
675,0.0496,2463.5,0.04836
676,0.0495,2466.4,0.048518
677,0.0149,2469.1,0.04834000000000001
678,0.0407,2472.0,0.04868400000000001
679,0.0334,2474.8,0.04824400000000001
680,0.0389,2477.5,0.04822800000000002
681,0.0217,2480.5,0.047708000000000014
682,0.0397,2483.2,0.04716600000000001
683,0.0248,2486.0,0.046700000000000005
684,0.0324,2489.1,0.046602000000000005
685,0.0318,2491.8,0.04639800000000001
686,0.1081,2494.8,0.04818200000000001
687,0.0447,2497.6,0.04838400000000001
688,0.0693,2500.4,0.04877800000000001
689,0.0473,2503.3,0.04878200000000001
690,0.0311,2506.1,0.048942000000000006
691,0.0324,2508.8,0.04679200000000001
692,0.0299,2511.8,0.046694000000000006
693,0.0468,2514.5,0.04614800000000001
694,0.0565,2517.2,0.04598800000000001
695,0.0332,2520.3,0.045970000000000004
696,0.0156,2523.1,0.04540000000000001
697,0.0448,2526.0,0.04517600000000001
698,0.0366,2528.9,0.044984
699,0.0157,2531.8,0.044174
700,0.0316,2534.9,0.043766
701,0.0377,2537.9,0.043098
702,0.025,2541.1,0.042814
703,0.0635,2544.1,0.042839999999999996
704,0.05,2547.2,0.043211999999999993
705,0.033,2550.4,0.04304399999999999
706,0.0329,2553.4,0.04209999999999999
707,0.0225,2556.5,0.04133200000000001
708,0.0293,2559.6,0.04092599999999999
709,0.0168,2562.6,0.040145999999999994
710,0.0392,2565.7,0.03909199999999999
711,0.0386,2568.6,0.03935599999999999
712,0.0386,2571.5,0.03936599999999999
713,0.0893,2574.6,0.039979999999999995
714,0.155,2577.5,0.04203399999999999
715,0.0363,2580.6,0.04206199999999999
716,0.0364,2583.7,0.04138
717,0.0107,2586.7,0.04130799999999999
718,0.015,2589.9,0.040687999999999995
719,0.0169,2592.7,0.03991599999999999
720,0.0247,2595.5,0.039261999999999984
721,0.0334,2598.5,0.03935199999999999
722,0.0347,2601.1,0.039281999999999984
723,0.025,2604.1,0.039019999999999985
724,0.0462,2606.9,0.03943399999999998
725,0.0486,2609.6,0.039413999999999984
726,0.0155,2612.5,0.038733999999999984
727,0.0106,2615.2,0.03864799999999999
728,0.0515,2618.0,0.03886399999999998
729,0.0392,2621.1,0.03897999999999999
730,0.0751,2624.0,0.03970399999999998
731,0.0336,2627.0,0.03994199999999999
732,0.0678,2629.9,0.04050399999999999
733,0.0283,2632.9,0.04057399999999999
734,0.0352,2636.0,0.040629999999999986
735,0.0636,2639.0,0.04126599999999999
736,0.0202,2641.9,0.039507999999999995
737,0.0838,2645.0,0.04029
738,0.0865,2647.9,0.040633999999999997
739,0.0349,2651.0,0.040386
740,0.0219,2654.0,0.040202
741,0.0182,2656.9,0.039918
742,0.0903,2660.0,0.041125999999999996
743,0.045,2662.9,0.04109
744,0.0496,2665.8,0.040952
745,0.0443,2668.9,0.041174
746,0.0646,2671.9,0.042154000000000004
747,0.0457,2675.4,0.04217200000000001
748,0.0306,2678.7,0.04205200000000001
749,0.0351,2682.1,0.04244000000000001
750,0.0489,2685.3,0.04278600000000001
751,0.0596,2820.8,0.04322400000000001
752,0.0231,2823.7,0.04318600000000001
753,0.0593,2826.8,0.043102
754,0.0363,2829.8,0.042828
755,0.0251,2832.9,0.042670000000000013
756,0.029,2835.9,0.042592
757,0.0411,2838.9,0.042964
758,0.0277,2842.0,0.042932
759,0.0418,2844.9,0.043432
760,0.0954,2847.8,0.044556
761,0.0272,2850.8,0.04432799999999999
762,0.0424,2853.5,0.04440399999999999
763,0.0301,2856.5,0.04322
764,0.0276,2859.3,0.040671999999999986
765,0.0242,2862.0,0.040429999999999994
766,0.0388,2864.9,0.04047799999999999
767,0.0331,2867.6,0.040926
768,0.0791,2870.3,0.04220799999999999
769,0.0317,2873.2,0.04250399999999999
770,0.0243,2876.0,0.04249599999999999
771,0.072,2878.9,0.043267999999999994
772,0.0472,2881.7,0.043518
773,0.0148,2884.4,0.04331399999999999
774,0.0365,2887.3,0.043120000000000006
775,0.0136,2890.0,0.04241999999999999
776,0.0494,2892.7,0.04309799999999999
777,0.0226,2895.6,0.043337999999999995
778,0.0201,2898.4,0.042709999999999984
779,0.035,2901.3,0.04262599999999999
780,0.0243,2904.0,0.041609999999999994
781,0.0328,2906.7,0.04159399999999999
782,0.0371,2909.7,0.04097999999999999
783,0.0325,2912.4,0.04106399999999999
784,0.0407,2915.3,0.04117399999999999
785,0.0257,2918.0,0.04041599999999999
786,0.0471,2920.8,0.04095399999999999
787,0.0648,2923.7,0.040573999999999985
788,0.0243,2926.5,0.03932999999999999
789,0.067,2929.2,0.03997199999999999
790,0.0181,2932.1,0.03989599999999999
791,0.05,2934.9,0.040531999999999985
792,0.0402,2937.8,0.03952999999999998
793,0.111,2940.6,0.04085
794,0.0263,2943.3,0.040383999999999996
795,0.06,2946.2,0.04069799999999999
796,0.006,2949.0,0.03952599999999999
797,0.1392,2951.7,0.041395999999999995
798,0.0469,2954.9,0.04172199999999998
799,0.0479,2957.7,0.04197799999999998
800,0.0312,2960.4,0.04162399999999999
801,0.0093,2963.4,0.04061799999999999
802,0.0196,2966.2,0.040547999999999994
803,0.0488,2969.2,0.04033799999999999
804,0.053,2972.0,0.040672
805,0.0325,2974.8,0.04082000000000001
806,0.043,2977.7,0.041100000000000005
807,0.0534,2980.5,0.041346
808,0.0361,2983.4,0.04151399999999999
809,0.0277,2986.4,0.04123199999999999
810,0.048,2989.2,0.04028400000000001
811,0.0419,2992.3,0.040578
812,0.06,2995.6,0.04093
813,0.0325,2999.0,0.040978000000000014
814,0.0191,3002.5,0.04080800000000001
815,0.0499,3005.5,0.04132200000000001
816,0.0366,3008.9,0.041277999999999995
817,0.04,3012.1,0.041416
818,0.0259,3015.3,0.040352
819,0.0583,3018.4,0.040884000000000004
820,0.0382,3021.4,0.04116199999999999
821,0.0234,3024.6,0.040190000000000003
822,0.0178,3027.7,0.039602000000000005
823,0.042,3030.7,0.04014600000000001
824,0.0252,3034.0,0.03992
825,0.0487,3037.0,0.040622000000000005
826,0.0311,3040.1,0.040256
827,0.0435,3043.2,0.040674
828,0.0569,3046.1,0.04141
829,0.1056,3049.1,0.042822000000000006
830,0.0316,3052.1,0.042968
831,0.0498,3055.1,0.043308
832,0.0395,3058.3,0.043356000000000006
833,0.0414,3061.3,0.043533999999999996
834,0.0257,3064.3,0.04323399999999999
835,0.029,3067.4,0.0433
836,0.0458,3070.4,0.043274
837,0.0327,3073.6,0.042632
838,0.0188,3076.4,0.04252200000000001
839,0.0137,3079.2,0.04145600000000001
840,0.0279,3082.3,0.041652
841,0.0294,3085.1,0.04124
842,0.0539,3087.9,0.04151400000000001
843,0.0483,3090.9,0.040260000000000004
844,0.0375,3093.7,0.040484000000000006
845,0.0419,3096.8,0.04012200000000001
846,0.0358,3099.6,0.04071800000000001
847,0.0458,3102.6,0.03885000000000001
848,0.0356,3105.7,0.03862400000000001
849,0.0325,3108.6,0.03831600000000001
850,0.0164,3111.6,0.03802000000000001
851,0.0262,3114.6,0.03835800000000002
852,0.035,3117.6,0.03866600000000001
853,0.0431,3120.6,0.03855200000000001
854,0.0168,3123.5,0.037828000000000014
855,0.0202,3126.3,0.03758200000000001
856,0.0134,3129.2,0.03699000000000001
857,0.0382,3132.0,0.036686
858,0.0298,3135.0,0.03656000000000001
859,0.0232,3137.8,0.03647
860,0.0192,3140.6,0.035894
861,0.0538,3143.6,0.036132000000000004
862,0.0218,3146.4,0.035368000000000004
863,0.0292,3149.2,0.03530200000000001
864,0.0426,3152.2,0.035772000000000005
865,0.0404,3155.0,0.03558200000000001
866,0.0181,3157.9,0.03521200000000001
867,0.0202,3160.7,0.03481600000000001
868,0.0387,3163.5,0.035072000000000006
869,0.0452,3166.5,0.03481
870,0.0222,3169.3,0.03449
871,0.0109,3172.1,0.03423999999999999
872,0.0281,3175.1,0.034446
873,0.0084,3177.8,0.03377399999999999
874,0.0162,3180.7,0.03359399999999999
875,0.0224,3183.5,0.03306799999999999
876,0.0411,3186.2,0.03326799999999999
877,0.0144,3189.1,0.03268599999999999
878,0.0128,3191.8,0.031803999999999985
879,0.0189,3194.5,0.03006999999999999
880,0.0455,3197.6,0.03034799999999999
881,0.0284,3200.6,0.02991999999999999
882,0.0188,3203.5,0.029505999999999987
883,0.0156,3206.3,0.02898999999999999
884,0.0057,3209.1,0.02858999999999999
885,0.0278,3212.1,0.028565999999999994
886,0.0257,3214.8,0.028163999999999995
887,0.0188,3217.6,0.027885999999999994
888,0.0184,3220.5,0.027877999999999993
889,0.0407,3223.3,0.028417999999999995
890,0.0359,3226.3,0.028577999999999996
891,0.0111,3229.0,0.028212
892,0.0167,3231.9,0.027468
893,0.0157,3234.8,0.026816000000000003
894,0.0117,3237.6,0.026300000000000004
895,0.0478,3240.4,0.026418000000000004
896,0.0207,3243.4,0.026116
897,0.0382,3246.2,0.025964
898,0.0506,3249.1,0.026264000000000003
899,0.0272,3251.8,0.026158
900,0.0049,3254.6,0.025928
901,0.045,3386.1,0.026303999999999994
902,0.0102,3388.8,0.025807999999999994
903,0.0357,3391.5,0.02566
904,0.0228,3394.5,0.025779999999999994
905,0.0352,3397.2,0.026079999999999996
906,0.0161,3400.2,0.026133999999999994
907,0.0356,3402.9,0.026081999999999998
908,0.0167,3405.7,0.02582
909,0.0259,3408.7,0.025874
910,0.0505,3411.5,0.0265
911,0.0087,3414.4,0.025598000000000006
912,0.0338,3417.1,0.025838000000000007
913,0.0626,3419.9,0.026506000000000002
914,0.0398,3422.8,0.02645
915,0.0542,3425.6,0.026726
916,0.0365,3428.3,0.027094
917,0.0295,3431.2,0.027280000000000002
918,0.025,3433.9,0.027006000000000002
919,0.0299,3436.8,0.026700000000000005
920,0.0309,3439.5,0.026874000000000002
921,0.0428,3442.3,0.027512
922,0.0498,3445.2,0.027946000000000006
923,0.0286,3448.0,0.028350000000000004
924,0.0498,3450.8,0.029022000000000006
925,0.0323,3453.7,0.029220000000000003
926,0.058,3456.4,0.029558000000000004
927,0.0076,3459.2,0.029422000000000007
928,0.0098,3462.1,0.029362000000000003
929,0.0485,3464.8,0.029954000000000005
930,0.042,3467.8,0.029884000000000004
931,0.0145,3470.5,0.029606000000000004
932,0.0152,3473.3,0.029534000000000008
933,0.0237,3476.2,0.029696000000000007
934,0.0102,3479.0,0.029786000000000007
935,0.0411,3482.0,0.030052000000000002
936,0.0323,3484.7,0.030184000000000006
937,0.0195,3487.4,0.03019800000000001
938,0.0146,3490.4,0.03012200000000001
939,0.0327,3493.2,0.029962000000000003
940,0.0167,3496.0,0.029578000000000004
941,0.0194,3499.0,0.029744000000000007
942,0.045,3501.7,0.03031
943,0.0148,3504.7,0.030292
944,0.0171,3507.5,0.030399999999999996
945,0.0096,3510.3,0.029635999999999996
946,0.0319,3513.2,0.029859999999999994
947,0.0103,3516.0,0.02930199999999999
948,0.0343,3518.9,0.028976
949,0.0168,3521.7,0.028767999999999995
950,0.0294,3524.4,0.029257999999999996
951,0.0137,3527.3,0.028631999999999994
952,0.027,3530.1,0.028967999999999994
953,0.1705,3532.8,0.031664
954,0.0253,3535.8,0.03171399999999999
955,0.0309,3538.5,0.031627999999999996
956,0.0155,3541.5,0.031616
957,0.0225,3544.3,0.031354
958,0.0148,3547.0,0.03131599999999999
959,0.0193,3550.0,0.031184
960,0.0287,3552.8,0.030747999999999998
961,0.0236,3555.6,0.031046000000000004
962,0.0132,3558.6,0.030634000000000005
963,0.0391,3561.4,0.030164000000000003
964,0.0303,3564.4,0.029974000000000008
965,0.0099,3567.2,0.029088000000000006
966,0.024,3569.9,0.02883800000000001
967,0.0308,3572.8,0.028864000000000004
968,0.0214,3575.6,0.028792000000000005
969,0.044,3578.3,0.029074000000000003
970,0.0294,3581.3,0.029044000000000007
971,0.0197,3584.1,0.02858200000000001
972,0.0169,3587.2,0.027924000000000008
973,0.0322,3590.1,0.027996000000000007
974,0.0203,3593.1,0.027406000000000007
975,0.0231,3596.3,0.027222
976,0.0365,3599.2,0.026791999999999996
977,0.0102,3602.1,0.026843999999999996
978,0.0326,3605.2,0.0273
979,0.0296,3608.2,0.026921999999999998
980,0.0653,3611.3,0.027387999999999996
981,0.031,3614.2,0.027717999999999993
982,0.0323,3617.1,0.02805999999999999
983,0.0217,3620.3,0.028019999999999993
984,0.0051,3623.2,0.027917999999999995
985,0.0138,3626.4,0.027371999999999997
986,0.0292,3629.2,0.027309999999999994
987,0.0186,3632.1,0.027291999999999997
988,0.0212,3635.2,0.027424
989,0.0154,3638.3,0.027078000000000005
990,0.0246,3641.7,0.027236000000000003
991,0.0448,3645.1,0.027744
992,0.0167,3648.1,0.027178
993,0.01,3651.5,0.027082
994,0.0272,3654.7,0.027283999999999996
995,0.0728,3657.6,0.028547999999999997
996,0.0475,3660.8,0.02886
997,0.0361,3663.9,0.029376
998,0.0532,3667.0,0.029754000000000006
999,0.0175,3670.2,0.029768000000000003
1000,0.0272,3673.1,0.029724
1001,0.0292,3676.5,0.030033999999999995
1002,0.0266,3679.5,0.030025999999999997
1003,0.0165,3682.6,0.026945999999999994
1004,0.0924,3685.8,0.028287999999999994
1005,0.0217,3688.7,0.028103999999999997
1006,0.0155,3691.6,0.028103999999999997
1007,0.0195,3694.7,0.028044
1008,0.0383,3697.7,0.028513999999999994
1009,0.0426,3700.7,0.028979999999999995
1010,0.0354,3703.4,0.029114
1011,0.0175,3706.2,0.028992000000000004
1012,0.1155,3709.4,0.031038
1013,0.0471,3712.3,0.031197999999999997
1014,0.0117,3715.1,0.030826
1015,0.0172,3718.3,0.030972000000000003
1016,0.0285,3721.2,0.031062000000000003
1017,0.0402,3724.3,0.03125000000000001
1018,0.0175,3727.2,0.031172000000000005
1019,0.0405,3730.1,0.031102000000000005
1020,0.0404,3733.2,0.031322
1021,0.0133,3736.0,0.031194000000000006
1022,0.015,3738.9,0.031156000000000007
1023,0.0238,3742.0,0.030988
1024,0.0141,3744.9,0.030864000000000003
1025,0.0067,3747.9,0.030536000000000004
1026,0.0207,3750.8,0.030220000000000004
1027,0.0094,3753.7,0.030203999999999998
1028,0.0535,3756.8,0.030622000000000003
1029,0.0565,3759.7,0.03116
1030,0.0279,3762.6,0.030411999999999998
1031,0.0239,3765.6,0.030270000000000002
1032,0.0366,3768.6,0.030356000000000005
1033,0.0185,3771.7,0.030292000000000003
1034,0.022,3774.7,0.03063
1035,0.0248,3777.6,0.030850000000000002
1036,0.015,3780.8,0.030566
1037,0.0092,3783.7,0.030378000000000002
1038,0.0177,3786.6,0.030308
1039,0.0082,3789.7,0.030164
1040,0.02,3792.7,0.030072
1041,0.0377,3795.6,0.029930000000000002
1042,0.0303,3798.6,0.030202000000000003
1043,0.0165,3801.7,0.030331999999999998
1044,0.0017,3804.8,0.029822
1045,0.0053,3807.5,0.028472000000000004
1046,0.0181,3810.2,0.027884000000000006
1047,0.0264,3813.1,0.027690000000000006
1048,0.0287,3815.9,0.027200000000000002
1049,0.0248,3818.6,0.027346
1050,0.0234,3821.5,0.027270000000000003
1051,0.0282,3945.0,0.027250000000000007
1052,0.0277,3948.1,0.027272000000000005
1053,0.0411,3951.0,0.027764
1054,0.0432,3953.9,0.026780000000000005
1055,0.0554,3957.0,0.027454
1056,0.0021,3960.0,0.027186
1057,0.0453,3963.4,0.027702
1058,0.0095,3966.5,0.027125999999999994
1059,0.048,3969.5,0.027233999999999994
1060,0.0277,3972.8,0.027079999999999996
1061,0.043,3975.7,0.027589999999999993
1062,0.0164,3978.7,0.025607999999999995
1063,0.0595,3981.7,0.025855999999999994
1064,0.0289,3984.6,0.026199999999999998
1065,0.0361,3987.6,0.026578
1066,0.0485,3990.4,0.026977999999999995
1067,0.012,3993.2,0.026413999999999997
1068,0.0128,3996.2,0.026319999999999993
1069,0.0371,3999.0,0.026251999999999994
1070,0.0267,4001.8,0.025977999999999994
1071,0.0207,4004.7,0.026125999999999993
1072,0.0259,4007.4,0.02634399999999999
1073,0.0117,4010.3,0.026101999999999993
1074,0.0289,4013.1,0.02639799999999999
1075,0.0144,4015.8,0.02655199999999999
1076,0.0301,4018.8,0.026739999999999996
1077,0.0203,4021.5,0.026957999999999992
1078,0.0282,4024.3,0.02645199999999999
1079,0.0408,4027.2,0.02613799999999999
1080,0.059,4029.9,0.026759999999999992
1081,0.0206,4032.8,0.026693999999999996
1082,0.0194,4035.5,0.02635
1083,0.0104,4038.3,0.026188
1084,0.0179,4041.3,0.026105999999999997
1085,0.0387,4044.1,0.026384000000000005
1086,0.0458,4047.1,0.027000000000000003
1087,0.0328,4049.9,0.027472000000000003
1088,0.018,4052.7,0.027478000000000002
1089,0.0107,4055.6,0.027528
1090,0.018,4058.4,0.027488000000000002
1091,0.0337,4061.1,0.027408000000000002
1092,0.0433,4064.1,0.027667999999999998
1093,0.0212,4066.9,0.027762000000000002
1094,0.0381,4069.8,0.02849
1095,0.0381,4072.6,0.029146000000000005
1096,0.0269,4075.6,0.029322000000000004
1097,0.0364,4078.6,0.029522000000000003
1098,0.0287,4081.6,0.029522
1099,0.0318,4084.5,0.029662
1100,0.0215,4087.6,0.029624
1101,0.0314,4090.5,0.029688000000000003
1102,0.0346,4093.6,0.029826000000000002
1103,0.018,4096.6,0.029363999999999998
1104,0.0275,4099.5,0.029050000000000003
1105,0.0122,4102.6,0.028186000000000003
1106,0.02,4105.5,0.028544000000000003
1107,0.0055,4108.4,0.027748000000000005
1108,0.0542,4111.5,0.028642000000000004
1109,0.0289,4114.4,0.02826
1110,0.0086,4117.5,0.027878
1111,0.0517,4120.5,0.028052000000000007
1112,0.065,4123.4,0.029024000000000005
1113,0.0235,4126.5,0.028304000000000006
1114,0.008,4129.5,0.027886000000000008
1115,0.0379,4132.4,0.027922000000000002
1116,0.01,4135.5,0.027152000000000003
1117,0.0146,4138.4,0.027204000000000002
1118,0.034,4141.4,0.027628000000000003
1119,0.0179,4144.4,0.027244
1120,0.0271,4147.3,0.027251999999999995
1121,0.0136,4150.4,0.02711
1122,0.0098,4153.4,0.026788
1123,0.0164,4156.3,0.026882000000000003
1124,0.0188,4159.4,0.026680000000000002
1125,0.0141,4162.3,0.026674000000000003
1126,0.0187,4165.5,0.026446
1127,0.039,4168.4,0.02682
1128,0.0123,4171.4,0.026501999999999998
1129,0.0155,4174.5,0.02599599999999999
1130,0.0375,4177.4,0.025566
1131,0.0521,4180.3,0.026195999999999997
1132,0.0025,4183.4,0.025857999999999996
1133,0.0269,4186.3,0.026187999999999993
1134,0.0284,4189.4,0.026397999999999998
1135,0.0221,4192.3,0.026066
1136,0.0175,4195.2,0.025500000000000002
1137,0.0056,4198.3,0.024956000000000006
1138,0.0277,4201.1,0.02515000000000001
1139,0.0461,4203.9,0.025858000000000006
1140,0.0065,4206.7,0.025628000000000012
1141,0.0115,4209.4,0.025184000000000005
1142,0.0196,4212.3,0.024710000000000006
1143,0.0198,4215.0,0.024682000000000003
1144,0.0142,4217.8,0.024204000000000007
1145,0.0225,4220.7,0.023892000000000007
1146,0.042,4223.5,0.024194000000000004
1147,0.0077,4226.2,0.023620000000000002
1148,0.0301,4229.1,0.023648000000000002
1149,0.0285,4231.9,0.023582000000000002
1150,0.0038,4234.5,0.023228
1151,0.0135,4237.7,0.022870000000000005
1152,0.011,4240.7,0.022397999999999998
1153,0.0085,4243.9,0.022207999999999995
1154,0.0291,4246.9,0.022239999999999992
1155,0.0317,4249.8,0.022629999999999994
1156,0.0242,4253.0,0.022713999999999995
1157,0.0066,4255.9,0.022735999999999996
1158,0.0105,4259.0,0.021861999999999996
1159,0.0117,4262.0,0.021517999999999995
1160,0.0056,4264.9,0.021457999999999994
1161,0.0144,4268.0,0.020711999999999998
1162,0.0454,4270.9,0.020319999999999994
1163,0.0084,4273.7,0.020017999999999998
1164,0.0308,4276.8,0.020473999999999996
1165,0.0265,4280.1,0.020246
1166,0.0225,4283.8,0.020496
1167,0.0166,4287.2,0.020535999999999995
1168,0.0144,4290.3,0.020144
1169,0.0324,4293.7,0.020433999999999997
1170,0.0188,4296.9,0.020267999999999998
1171,0.0301,4300.1,0.020597999999999995
1172,0.0191,4303.2,0.020783999999999993
1173,0.008,4306.1,0.020615999999999995
1174,0.0146,4309.1,0.020531999999999995
1175,0.003,4311.9,0.02030999999999999
1176,0.0124,4314.7,0.020183999999999997
1177,0.009,4317.8,0.019583999999999997
1178,0.014,4320.7,0.019617999999999997
1179,0.0627,4323.9,0.020562
1180,0.045,4326.8,0.020711999999999998
1181,0.0408,4329.7,0.020486
1182,0.0296,4332.8,0.021028
1183,0.0386,4335.8,0.021262000000000003
1184,0.0784,4338.7,0.022262
1185,0.0193,4341.8,0.022206000000000007
1186,0.0319,4344.7,0.022494
1187,0.0077,4347.8,0.022536
1188,0.0465,4350.7,0.022912
1189,0.0235,4353.6,0.02246
1190,0.0271,4356.6,0.022872
1191,0.0286,4359.6,0.023214000000000002
1192,0.0624,4362.5,0.02407
1193,0.0058,4365.7,0.023790000000000006
1194,0.0079,4368.7,0.023664
1195,0.0509,4371.8,0.024232
1196,0.0216,4374.7,0.023824
1197,0.0272,4377.4,0.024214
1198,0.0138,4380.3,0.023888
1199,0.0213,4383.0,0.023744000000000005
1200,0.0122,4385.8,0.023912000000000003
